"Daily","يومي"
"Day","يوم"
"Month","شهر"
"Monthly","شهري"
"Never","أبدًا"
"None","لا شيء"
"Notified customer about invoice #%1.","تم إشعار العميل بالفاتورة رقم %1."
"Product Deleted","تم حذف المنتج"
"Week","أسبوع"
"Weekly","أسبوعي"
"Year","سنة"
"Yearly","سنوي"
"You can find your keys in %1 on rentalbookingsoftware.com.","You can find your keys in %1 on rentalbookingsoftware.com."
"My Account > Licenses","My Account > Licenses"
"Your %1 license is active on this store.","ترخيص %1 الخاص بك نشط على هذا المتجر."
"Sales Igniter","Sales Igniter"
"That license has expired. Renew it from the License panel to keep receiving updates.","انتهت صلاحية هذا الترخيص. جدّده من لوحة الترخيص لمواصلة تلقي التحديثات."
"The license key was saved, but rentalbookingsoftware.com could not be reached to activate it. Use ""Check now"" in the License panel to try again.","تم حفظ مفتاح الترخيص، لكن تعذّر الوصول إلى rentalbookingsoftware.com لتفعيله. استخدم ""التحقق الآن"" في لوحة الترخيص للمحاولة مرة أخرى."
"That license is already active on as many sites as it allows. Deactivate it on another site from your account on rentalbookingsoftware.com, then save again.","هذا الترخيص نشط بالفعل على الحد الأقصى المسموح به من المواقع. ألغِ تفعيله على موقع آخر من حسابك على rentalbookingsoftware.com، ثم احفظ مرة أخرى."
"That key is valid, but not for a Sales Igniter Magento extension. Check that you copied the key for the Magento product from My Account > Licenses (%1).","هذا المفتاح صالح، لكنه ليس لإضافة Magento من Sales Igniter. تحقّق من أنك نسخت مفتاح منتج Magento من My Account > Licenses (%1)."
"rentalbookingsoftware.com did not recognise that license key (%1). Check it against your keys in My Account > Licenses (%2).","لم يتعرّف rentalbookingsoftware.com على مفتاح الترخيص هذا (%1). طابِقه مع مفاتيحك في My Account > Licenses (%2)."
"You can find your keys in %1 on rentalbookingsoftware.com. Saving activates the key on this store; your Sales Igniter updates are downloaded with the same key.","تجد مفاتيحك في %1 على rentalbookingsoftware.com. يؤدي الحفظ إلى تفعيل المفتاح على هذا المتجر؛ وتُنزَّل تحديثات Sales Igniter بالمفتاح نفسه."
"No license key","لا يوجد مفتاح ترخيص"
"Enter your license key above and save. You can find your keys in %1 on rentalbookingsoftware.com. Updates for Sales Igniter extensions are downloaded with this key.","أدخل مفتاح الترخيص أعلاه ثم احفظ. تجد مفاتيحك في %1 على rentalbookingsoftware.com. تُنزَّل تحديثات إضافات Sales Igniter بهذا المفتاح."
"Active on %1 of %2 sites","نشط على %1 من أصل %2 مواقع"
"Active on %1 sites (unlimited)","نشط على %1 مواقع (غير محدود)"
"Active","نشط"
"Lifetime license","ترخيص مدى الحياة"
"Expires soon","ينتهي قريبًا"
"Expires %1 (%2)","ينتهي في %1 (%2)"
"Renew early","التجديد مبكرًا"
"Expired","منتهي الصلاحية"
"Expired on %1. Updates and support stop until it is renewed.","انتهت صلاحيته في %1. تتوقف التحديثات والدعم حتى يتم تجديده."
"Renew license","تجديد الترخيص"
"Not active on this store","غير نشط على هذا المتجر"
"Re-enter the key and save to activate it here.","أعد إدخال المفتاح واحفظ لتفعيله هنا."
"No activations left","لم يتبقَّ أي تفعيلات"
"This license is already active on as many sites as it allows. Deactivate an old site from your account on rentalbookingsoftware.com, then save the key again.","هذا الترخيص نشط بالفعل على الحد الأقصى المسموح به من المواقع. ألغِ تفعيل موقع قديم من حسابك على rentalbookingsoftware.com، ثم احفظ المفتاح مرة أخرى."
"Disabled","معاق"
"This license has been disabled. Contact Sales Igniter support.","تم تعطيل هذا الترخيص. تواصل مع دعم Sales Igniter."
"Not a Magento license","ليس ترخيص Magento"
"That key is valid, but for a different Sales Igniter product. Use the key for your Magento extension from %1.","هذا المفتاح صالح، لكنه لمنتج آخر من Sales Igniter. استخدم مفتاح إضافة Magento الخاصة بك من %1."
"Not checked","لم يتم التحقق"
"rentalbookingsoftware.com could not be reached. The key is saved; try ""Check now"" in a moment.","تعذّر الوصول إلى rentalbookingsoftware.com. تم حفظ المفتاح؛ جرّب ""التحقق الآن"" بعد قليل."
"Not recognised","غير معروف"
"rentalbookingsoftware.com does not recognise this key (%1). Check it against your keys in %2.","لا يتعرّف rentalbookingsoftware.com على هذا المفتاح (%1). طابِقه مع مفاتيحك في %2."
"Key %1","المفتاح %1"
"Could not re-check at %1; showing the last answer","تعذّرت إعادة التحقق في %1؛ يتم عرض آخر نتيجة"
"Checked %1","تم التحقق %1"
"Check now","التحقق الآن"
"today","اليوم"
"%1 days left","متبقٍّ %1 يوم"
"There is no license to check here.","There is no license to check here."
"Enter a license key first.","أدخل مفتاح الترخيص أولًا."
"rentalbookingsoftware.com could not be reached. Try again in a moment.","تعذّر الوصول إلى rentalbookingsoftware.com. حاول مرة أخرى بعد قليل."
"License checked.","تم التحقق من الترخيص."
