"Daily","Täglich"
"Day","Tag"
"Month","Monat"
"Monthly","Monatlich"
"Never","Nie"
"None","Keine"
"Notified customer about invoice #%1.","Kunde über Rechnung Nr. %1 benachrichtigt."
"Product Deleted","Produkt gelöscht"
"Week","Woche"
"Weekly","Wöchentlich"
"Year","Jahr"
"Yearly","Jährlich"
"You can find your keys in %1 on rentalbookingsoftware.com.","You can find your keys in %1 on rentalbookingsoftware.com."
"My Account > Licenses","My Account > Licenses"
"Your %1 license is active on this store.","Ihre %1-Lizenz ist in diesem Shop aktiv."
"Sales Igniter","Sales Igniter"
"That license has expired. Renew it from the License panel to keep receiving updates.","Diese Lizenz ist abgelaufen. Verlängern Sie sie im Bereich „Lizenz“, um weiterhin Updates zu erhalten."
"The license key was saved, but rentalbookingsoftware.com could not be reached to activate it. Use ""Check now"" in the License panel to try again.","Der Lizenzschlüssel wurde gespeichert, aber rentalbookingsoftware.com war zur Aktivierung nicht erreichbar. Verwenden Sie „Jetzt prüfen“ im Bereich „Lizenz“, um es erneut zu versuchen."
"That license is already active on as many sites as it allows. Deactivate it on another site from your account on rentalbookingsoftware.com, then save again.","Diese Lizenz ist bereits auf so vielen Websites aktiv, wie sie erlaubt. Deaktivieren Sie sie auf einer anderen Website in Ihrem Konto auf rentalbookingsoftware.com und speichern Sie dann erneut."
"That key is valid, but not for a Sales Igniter Magento extension. Check that you copied the key for the Magento product from My Account > Licenses (%1).","Dieser Schlüssel ist gültig, aber nicht für eine Magento-Erweiterung von Sales Igniter. Prüfen Sie, ob Sie den Schlüssel für das Magento-Produkt aus My Account > Licenses (%1) kopiert haben."
"rentalbookingsoftware.com did not recognise that license key (%1). Check it against your keys in My Account > Licenses (%2).","rentalbookingsoftware.com hat diesen Lizenzschlüssel nicht erkannt (%1). Vergleichen Sie ihn mit Ihren Schlüsseln unter My Account > Licenses (%2)."
"You can find your keys in %1 on rentalbookingsoftware.com. Saving activates the key on this store; your Sales Igniter updates are downloaded with the same key.","Ihre Schlüssel finden Sie unter %1 auf rentalbookingsoftware.com. Beim Speichern wird der Schlüssel für diesen Shop aktiviert; Ihre Updates von Sales Igniter werden mit demselben Schlüssel heruntergeladen."
"No license key","Kein Lizenzschlüssel"
"Enter your license key above and save. You can find your keys in %1 on rentalbookingsoftware.com. Updates for Sales Igniter extensions are downloaded with this key.","Geben Sie oben Ihren Lizenzschlüssel ein und speichern Sie. Ihre Schlüssel finden Sie unter %1 auf rentalbookingsoftware.com. Updates für Erweiterungen von Sales Igniter werden mit diesem Schlüssel heruntergeladen."
"Active on %1 of %2 sites","Aktiv auf %1 von %2 Websites"
"Active on %1 sites (unlimited)","Aktiv auf %1 Websites (unbegrenzt)"
"Active","Aktiv"
"Lifetime license","Lebenslange Lizenz"
"Expires soon","Läuft bald ab"
"Expires %1 (%2)","Läuft ab am %1 (%2)"
"Renew early","Vorzeitig verlängern"
"Expired","Abgelaufen"
"Expired on %1. Updates and support stop until it is renewed.","Abgelaufen am %1. Updates und Support ruhen, bis die Lizenz verlängert wird."
"Renew license","Lizenz verlängern"
"Not active on this store","In diesem Shop nicht aktiv"
"Re-enter the key and save to activate it here.","Geben Sie den Schlüssel erneut ein und speichern Sie, um ihn hier zu aktivieren."
"No activations left","Keine Aktivierungen mehr übrig"
"This license is already active on as many sites as it allows. Deactivate an old site from your account on rentalbookingsoftware.com, then save the key again.","Diese Lizenz ist bereits auf so vielen Websites aktiv, wie sie erlaubt. Deaktivieren Sie eine alte Website in Ihrem Konto auf rentalbookingsoftware.com und speichern Sie den Schlüssel dann erneut."
"Disabled","Behindert"
"This license has been disabled. Contact Sales Igniter support.","Diese Lizenz wurde deaktiviert. Wenden Sie sich an den Support von Sales Igniter."
"Not a Magento license","Keine Magento-Lizenz"
"That key is valid, but for a different Sales Igniter product. Use the key for your Magento extension from %1.","Dieser Schlüssel ist gültig, aber für ein anderes Produkt von Sales Igniter. Verwenden Sie den Schlüssel für Ihre Magento-Erweiterung aus %1."
"Not checked","Nicht geprüft"
"rentalbookingsoftware.com could not be reached. The key is saved; try ""Check now"" in a moment.","rentalbookingsoftware.com war nicht erreichbar. Der Schlüssel ist gespeichert; versuchen Sie es gleich mit „Jetzt prüfen“."
"Not recognised","Nicht erkannt"
"rentalbookingsoftware.com does not recognise this key (%1). Check it against your keys in %2.","rentalbookingsoftware.com erkennt diesen Schlüssel nicht (%1). Vergleichen Sie ihn mit Ihren Schlüsseln unter %2."
"Key %1","Schlüssel %1"
"Could not re-check at %1; showing the last answer","Erneute Prüfung um %1 fehlgeschlagen; letzte Antwort wird angezeigt"
"Checked %1","Geprüft %1"
"Check now","Jetzt prüfen"
"today","heute"
"%1 days left","noch %1 Tage"
"There is no license to check here.","There is no license to check here."
"Enter a license key first.","Geben Sie zuerst einen Lizenzschlüssel ein."
"rentalbookingsoftware.com could not be reached. Try again in a moment.","rentalbookingsoftware.com war nicht erreichbar. Versuchen Sie es gleich noch einmal."
"License checked.","Lizenz geprüft."
"The current user is not authorized to use ""%1"". It needs the ""%2"" resource, which is granted to an admin or integration token.","Der aktuelle Benutzer darf „%1“ nicht verwenden. Dafür ist die Ressource „%2“ erforderlich, die einem Admin- oder Integrations-Token gewährt wird."
"The current user is not authorized to use ""%1"". It needs one of the ""%2"" resources, which are granted to an admin or integration token.","Der aktuelle Benutzer darf „%1“ nicht verwenden. Dafür ist eine der Ressourcen „%2“ erforderlich, die einem Admin- oder Integrations-Token gewährt werden."
"""%1"" is required.","„%1“ ist erforderlich."
"""%1"" must be a date in ""Y-m-d"" or ""Y-m-d H:i:s"" format, got ""%2"".","„%1“ muss ein Datum im Format „Y-m-d“ oder „Y-m-d H:i:s“ sein, erhalten: „%2“."
"The window asked for is %1 days; at most %2 days can be returned in one query.","Der angefragte Zeitraum umfasst %1 Tage; pro Abfrage können höchstens %2 Tage zurückgegeben werden."
"pageSize value must be greater than 0.","Der Wert von pageSize muss grösser als 0 sein."
"pageSize value must not be greater than %1.","Der Wert von pageSize darf nicht grösser als %1 sein."
"currentPage value must be greater than 0.","Der Wert von currentPage muss grösser als 0 sein."
"currentPage value %1 specified is greater than the number of pages available (%2).","Der angegebene Wert %1 für currentPage ist grösser als die Anzahl verfügbarer Seiten (%2)."
"Cannot remove the data of %1: tables that belong to other modules still reference its tables (%2). Uninstall the modules that own those tables first, or in the same command before %1.","Die Daten von %1 können nicht entfernt werden: Tabellen anderer Module verweisen noch auf seine Tabellen (%2). Deinstallieren Sie zuerst die Module, denen diese Tabellen gehören, oder im selben Befehl vor %1."
"The end date (%1) must be on or after the start date (%2).","Das Enddatum (%1) darf nicht vor dem Startdatum (%2) liegen."
"The end date (%1) must be after the start date (%2).","Das Enddatum (%1) muss nach dem Startdatum (%2) liegen."
