"Daily","Daily"
"Day","Day"
"Month","Month"
"Monthly","Monthly"
"Never","Never"
"None","None"
"Notified customer about invoice #%1.","Notified customer about invoice #%1."
"Product Deleted","Product Deleted"
"Week","Week"
"Weekly","Weekly"
"Year","Year"
"Yearly","Yearly"
"You can find your keys in %1 on rentalbookingsoftware.com.","You can find your keys in %1 on rentalbookingsoftware.com."
"My Account > Licenses","My Account > Licenses"
"Your %1 license is active on this store.","Your %1 license is active on this store."
"Sales Igniter","Sales Igniter"
"That license has expired. Renew it from the License panel to keep receiving updates.","That license has expired. Renew it from the License panel to keep receiving updates."
"The license key was saved, but rentalbookingsoftware.com could not be reached to activate it. Use ""Check now"" in the License panel to try again.","The license key was saved, but rentalbookingsoftware.com could not be reached to activate it. Use ""Check now"" in the License panel to try again."
"That license is already active on as many sites as it allows. Deactivate it on another site from your account on rentalbookingsoftware.com, then save again.","That license is already active on as many sites as it allows. Deactivate it on another site from your account on rentalbookingsoftware.com, then save again."
"That key is valid, but not for a Sales Igniter Magento extension. Check that you copied the key for the Magento product from My Account > Licenses (%1).","That key is valid, but not for a Sales Igniter Magento extension. Check that you copied the key for the Magento product from My Account > Licenses (%1)."
"rentalbookingsoftware.com did not recognise that license key (%1). Check it against your keys in My Account > Licenses (%2).","rentalbookingsoftware.com did not recognise that license key (%1). Check it against your keys in My Account > Licenses (%2)."
"You can find your keys in %1 on rentalbookingsoftware.com. Saving activates the key on this store; your Sales Igniter updates are downloaded with the same key.","You can find your keys in %1 on rentalbookingsoftware.com. Saving activates the key on this store; your Sales Igniter updates are downloaded with the same key."
"No license key","No license key"
"Enter your license key above and save. You can find your keys in %1 on rentalbookingsoftware.com. Updates for Sales Igniter extensions are downloaded with this key.","Enter your license key above and save. You can find your keys in %1 on rentalbookingsoftware.com. Updates for Sales Igniter extensions are downloaded with this key."
"Active on %1 of %2 sites","Active on %1 of %2 sites"
"Active on %1 sites (unlimited)","Active on %1 sites (unlimited)"
"Active","Active"
"Lifetime license","Lifetime license"
"Expires soon","Expires soon"
"Expires %1 (%2)","Expires %1 (%2)"
"Renew early","Renew early"
"Expired","Expired"
"Expired on %1. Updates and support stop until it is renewed.","Expired on %1. Updates and support stop until it is renewed."
"Renew license","Renew license"
"Not active on this store","Not active on this store"
"Re-enter the key and save to activate it here.","Re-enter the key and save to activate it here."
"No activations left","No activations left"
"This license is already active on as many sites as it allows. Deactivate an old site from your account on rentalbookingsoftware.com, then save the key again.","This license is already active on as many sites as it allows. Deactivate an old site from your account on rentalbookingsoftware.com, then save the key again."
"Disabled","Disabled"
"This license has been disabled. Contact Sales Igniter support.","This license has been disabled. Contact Sales Igniter support."
"Not a Magento license","Not a Magento license"
"That key is valid, but for a different Sales Igniter product. Use the key for your Magento extension from %1.","That key is valid, but for a different Sales Igniter product. Use the key for your Magento extension from %1."
"Not checked","Not checked"
"rentalbookingsoftware.com could not be reached. The key is saved; try ""Check now"" in a moment.","rentalbookingsoftware.com could not be reached. The key is saved; try ""Check now"" in a moment."
"Not recognised","Not recognised"
"rentalbookingsoftware.com does not recognise this key (%1). Check it against your keys in %2.","rentalbookingsoftware.com does not recognise this key (%1). Check it against your keys in %2."
"Key %1","Key %1"
"Could not re-check at %1; showing the last answer","Could not re-check at %1; showing the last answer"
"Checked %1","Checked %1"
"Check now","Check now"
"today","today"
"%1 days left","%1 days left"
"There is no license to check here.","There is no license to check here."
"Enter a license key first.","Enter a license key first."
"rentalbookingsoftware.com could not be reached. Try again in a moment.","rentalbookingsoftware.com could not be reached. Try again in a moment."
"License checked.","License checked."
"The current user is not authorized to use ""%1"". It needs the ""%2"" resource, which is granted to an admin or integration token.","The current user is not authorized to use ""%1"". It needs the ""%2"" resource, which is granted to an admin or integration token."
"The current user is not authorized to use ""%1"". It needs one of the ""%2"" resources, which are granted to an admin or integration token.","The current user is not authorized to use ""%1"". It needs one of the ""%2"" resources, which are granted to an admin or integration token."
"""%1"" is required.","""%1"" is required."
"""%1"" must be a date in ""Y-m-d"" or ""Y-m-d H:i:s"" format, got ""%2"".","""%1"" must be a date in ""Y-m-d"" or ""Y-m-d H:i:s"" format, got ""%2""."
"The window asked for is %1 days; at most %2 days can be returned in one query.","The window asked for is %1 days; at most %2 days can be returned in one query."
"pageSize value must be greater than 0.","pageSize value must be greater than 0."
"pageSize value must not be greater than %1.","pageSize value must not be greater than %1."
"currentPage value must be greater than 0.","currentPage value must be greater than 0."
"currentPage value %1 specified is greater than the number of pages available (%2).","currentPage value %1 specified is greater than the number of pages available (%2)."
"Cannot remove the data of %1: tables that belong to other modules still reference its tables (%2). Uninstall the modules that own those tables first, or in the same command before %1.","Cannot remove the data of %1: tables that belong to other modules still reference its tables (%2). Uninstall the modules that own those tables first, or in the same command before %1."
"The end date (%1) must be on or after the start date (%2).","The end date (%1) must be on or after the start date (%2)."
"The end date (%1) must be after the start date (%2).","The end date (%1) must be after the start date (%2)."
