"Daily","Diario"
"Day","Día"
"Month","Mes"
"Monthly","Mensual"
"Never","Nunca"
"None","Ninguno"
"Notified customer about invoice #%1.","Se ha informado al cliente sobre la factura n.º %1."
"Product Deleted","Producto eliminado"
"Week","Semana"
"Weekly","Semanal"
"Year","Año"
"Yearly","Anual"
"You can find your keys in %1 on rentalbookingsoftware.com.","You can find your keys in %1 on rentalbookingsoftware.com."
"My Account > Licenses","My Account > Licenses"
"Your %1 license is active on this store.","Su licencia de %1 está activa en esta tienda."
"Sales Igniter","Sales Igniter"
"That license has expired. Renew it from the License panel to keep receiving updates.","Esa licencia ha caducado. Renuévela desde el panel Licencia para seguir recibiendo actualizaciones."
"The license key was saved, but rentalbookingsoftware.com could not be reached to activate it. Use ""Check now"" in the License panel to try again.","La clave de licencia se ha guardado, pero no se ha podido conectar con rentalbookingsoftware.com para activarla. Use «Comprobar ahora» en el panel Licencia para volver a intentarlo."
"That license is already active on as many sites as it allows. Deactivate it on another site from your account on rentalbookingsoftware.com, then save again.","Esa licencia ya está activa en tantos sitios como permite. Desactívela en otro sitio desde su cuenta en rentalbookingsoftware.com y vuelva a guardar."
"That key is valid, but not for a Sales Igniter Magento extension. Check that you copied the key for the Magento product from My Account > Licenses (%1).","Esa clave es válida, pero no para una extensión de Magento de Sales Igniter. Compruebe que copió la clave del producto de Magento desde My Account > Licenses (%1)."
"rentalbookingsoftware.com did not recognise that license key (%1). Check it against your keys in My Account > Licenses (%2).","rentalbookingsoftware.com no reconoció esa clave de licencia (%1). Compárela con sus claves en My Account > Licenses (%2)."
"You can find your keys in %1 on rentalbookingsoftware.com. Saving activates the key on this store; your Sales Igniter updates are downloaded with the same key.","Encontrará sus claves en %1 en rentalbookingsoftware.com. Al guardar, la clave se activa en esta tienda; sus actualizaciones de Sales Igniter se descargan con la misma clave."
"No license key","Sin clave de licencia"
"Enter your license key above and save. You can find your keys in %1 on rentalbookingsoftware.com. Updates for Sales Igniter extensions are downloaded with this key.","Introduzca arriba su clave de licencia y guarde. Encontrará sus claves en %1 en rentalbookingsoftware.com. Las actualizaciones de las extensiones de Sales Igniter se descargan con esta clave."
"Active on %1 of %2 sites","Activa en %1 de %2 sitios"
"Active on %1 sites (unlimited)","Activa en %1 sitios (ilimitados)"
"Active","Activo"
"Lifetime license","Licencia de por vida"
"Expires soon","Caduca pronto"
"Expires %1 (%2)","Caduca el %1 (%2)"
"Renew early","Renovar por adelantado"
"Expired","Caducada"
"Expired on %1. Updates and support stop until it is renewed.","Caducó el %1. Las actualizaciones y el soporte se detienen hasta que se renueve."
"Renew license","Renovar licencia"
"Not active on this store","No activa en esta tienda"
"Re-enter the key and save to activate it here.","Vuelva a introducir la clave y guarde para activarla aquí."
"No activations left","No quedan activaciones"
"This license is already active on as many sites as it allows. Deactivate an old site from your account on rentalbookingsoftware.com, then save the key again.","Esta licencia ya está activa en tantos sitios como permite. Desactive un sitio antiguo desde su cuenta en rentalbookingsoftware.com y vuelva a guardar la clave."
"Disabled","Desactivado"
"This license has been disabled. Contact Sales Igniter support.","Esta licencia se ha desactivado. Póngase en contacto con el soporte de Sales Igniter."
"Not a Magento license","No es una licencia de Magento"
"That key is valid, but for a different Sales Igniter product. Use the key for your Magento extension from %1.","Esa clave es válida, pero para otro producto de Sales Igniter. Use la clave de su extensión de Magento que encontrará en %1."
"Not checked","Sin comprobar"
"rentalbookingsoftware.com could not be reached. The key is saved; try ""Check now"" in a moment.","No se ha podido conectar con rentalbookingsoftware.com. La clave se ha guardado; pruebe «Comprobar ahora» dentro de un momento."
"Not recognised","No reconocida"
"rentalbookingsoftware.com does not recognise this key (%1). Check it against your keys in %2.","rentalbookingsoftware.com no reconoce esta clave (%1). Compárela con sus claves en %2."
"Key %1","Clave %1"
"Could not re-check at %1; showing the last answer","No se ha podido volver a comprobar (%1); se muestra la última respuesta"
"Checked %1","Comprobado: %1"
"Check now","Comprobar ahora"
"today","hoy"
"%1 days left","quedan %1 días"
"There is no license to check here.","There is no license to check here."
"Enter a license key first.","Introduzca primero una clave de licencia."
"rentalbookingsoftware.com could not be reached. Try again in a moment.","No se ha podido conectar con rentalbookingsoftware.com. Inténtelo de nuevo dentro de un momento."
"License checked.","Licencia comprobada."
