"Daily","Quotidien"
"Day","Jour"
"Month","Mois"
"Monthly","Mensuel"
"Never","Jamais"
"None","Aucune"
"Notified customer about invoice #%1.","Client informé de la facture n°%1."
"Product Deleted","Produit supprimé"
"Week","Semaine"
"Weekly","Hebdomadaire"
"Year","Année"
"Yearly","Annuel"
"You can find your keys in %1 on rentalbookingsoftware.com.","You can find your keys in %1 on rentalbookingsoftware.com."
"My Account > Licenses","My Account > Licenses"
"Your %1 license is active on this store.","Votre licence %1 est active sur cette boutique."
"Sales Igniter","Sales Igniter"
"That license has expired. Renew it from the License panel to keep receiving updates.","Cette licence a expiré. Renouvelez-la depuis le panneau Licence pour continuer à recevoir les mises à jour."
"The license key was saved, but rentalbookingsoftware.com could not be reached to activate it. Use ""Check now"" in the License panel to try again.","La clé de licence a été enregistrée, mais rentalbookingsoftware.com n'a pas pu être joint pour l'activer. Utilisez « Vérifier maintenant » dans le panneau Licence pour réessayer."
"That license is already active on as many sites as it allows. Deactivate it on another site from your account on rentalbookingsoftware.com, then save again.","Cette licence est déjà active sur le nombre maximal de sites autorisé. Désactivez-la sur un autre site depuis votre compte sur rentalbookingsoftware.com, puis enregistrez de nouveau."
"That key is valid, but not for a Sales Igniter Magento extension. Check that you copied the key for the Magento product from My Account > Licenses (%1).","Cette clé est valide, mais pas pour une extension Magento de Sales Igniter. Vérifiez que vous avez copié la clé du produit Magento depuis My Account > Licenses (%1)."
"rentalbookingsoftware.com did not recognise that license key (%1). Check it against your keys in My Account > Licenses (%2).","rentalbookingsoftware.com n'a pas reconnu cette clé de licence (%1). Comparez-la avec vos clés dans My Account > Licenses (%2)."
"You can find your keys in %1 on rentalbookingsoftware.com. Saving activates the key on this store; your Sales Igniter updates are downloaded with the same key.","Vous trouverez vos clés dans %1 sur rentalbookingsoftware.com. L'enregistrement active la clé sur cette boutique ; vos mises à jour Sales Igniter sont téléchargées avec la même clé."
"No license key","Aucune clé de licence"
"Enter your license key above and save. You can find your keys in %1 on rentalbookingsoftware.com. Updates for Sales Igniter extensions are downloaded with this key.","Saisissez votre clé de licence ci-dessus, puis enregistrez. Vous trouverez vos clés dans %1 sur rentalbookingsoftware.com. Les mises à jour des extensions Sales Igniter sont téléchargées avec cette clé."
"Active on %1 of %2 sites","Active sur %1 des %2 sites"
"Active on %1 sites (unlimited)","Active sur %1 sites (illimité)"
"Active","Active"
"Lifetime license","Licence à vie"
"Expires soon","Expire bientôt"
"Expires %1 (%2)","Expire le %1 (%2)"
"Renew early","Renouveler en avance"
"Expired","Expirée"
"Expired on %1. Updates and support stop until it is renewed.","Expirée le %1. Les mises à jour et l'assistance sont suspendues jusqu'à son renouvellement."
"Renew license","Renouveler la licence"
"Not active on this store","Non active sur cette boutique"
"Re-enter the key and save to activate it here.","Saisissez de nouveau la clé et enregistrez pour l'activer ici."
"No activations left","Plus aucune activation disponible"
"This license is already active on as many sites as it allows. Deactivate an old site from your account on rentalbookingsoftware.com, then save the key again.","Cette licence est déjà active sur le nombre maximal de sites autorisé. Désactivez un ancien site depuis votre compte sur rentalbookingsoftware.com, puis enregistrez de nouveau la clé."
"Disabled","Désactivée"
"This license has been disabled. Contact Sales Igniter support.","Cette licence a été désactivée. Contactez l'assistance Sales Igniter."
"Not a Magento license","Pas une licence Magento"
"That key is valid, but for a different Sales Igniter product. Use the key for your Magento extension from %1.","Cette clé est valide, mais pour un autre produit Sales Igniter. Utilisez la clé de votre extension Magento, disponible dans %1."
"Not checked","Non vérifiée"
"rentalbookingsoftware.com could not be reached. The key is saved; try ""Check now"" in a moment.","Impossible de joindre rentalbookingsoftware.com. La clé est enregistrée ; essayez « Vérifier maintenant » dans un instant."
"Not recognised","Non reconnue"
"rentalbookingsoftware.com does not recognise this key (%1). Check it against your keys in %2.","rentalbookingsoftware.com ne reconnaît pas cette clé (%1). Comparez-la avec vos clés dans %2."
"Key %1","Clé %1"
"Could not re-check at %1; showing the last answer","Impossible de revérifier à %1 ; affichage de la dernière réponse"
"Checked %1","Vérifiée : %1"
"Check now","Vérifier maintenant"
"today","aujourd'hui"
"%1 days left","%1 jours restants"
"There is no license to check here.","There is no license to check here."
"Enter a license key first.","Saisissez d'abord une clé de licence."
"rentalbookingsoftware.com could not be reached. Try again in a moment.","Impossible de joindre rentalbookingsoftware.com. Réessayez dans un instant."
"License checked.","Licence vérifiée."
