"Daily","दैनिक"
"Day","दिन"
"Month","महीना"
"Monthly","मासिक"
"Never","कभी नहीं"
"None","कोई नहीं"
"Notified customer about invoice #%1.","चालान #%1 के बारे में ग्राहक को सूचित किया गया।"
"Product Deleted","उत्पाद हटाया गया"
"Week","सप्ताह"
"Weekly","साप्ताहिक"
"Year","वर्ष"
"Yearly","वार्षिक"
"You can find your keys in %1 on rentalbookingsoftware.com.","You can find your keys in %1 on rentalbookingsoftware.com."
"My Account > Licenses","My Account > Licenses"
"Your %1 license is active on this store.","आपका %1 लाइसेंस इस स्टोर पर सक्रिय है।"
"Sales Igniter","Sales Igniter"
"That license has expired. Renew it from the License panel to keep receiving updates.","यह लाइसेंस समाप्त हो गया है। अपडेट मिलते रहें, इसके लिए लाइसेंस पैनल से इसका नवीनीकरण करें।"
"The license key was saved, but rentalbookingsoftware.com could not be reached to activate it. Use ""Check now"" in the License panel to try again.","लाइसेंस कुंजी सहेज दी गई, लेकिन इसे सक्रिय करने के लिए rentalbookingsoftware.com से संपर्क नहीं हो सका। फिर से प्रयास करने के लिए लाइसेंस पैनल में ""अभी जाँचें"" का उपयोग करें।"
"That license is already active on as many sites as it allows. Deactivate it on another site from your account on rentalbookingsoftware.com, then save again.","यह लाइसेंस पहले से उतनी साइटों पर सक्रिय है जितनी इसकी अनुमति है। rentalbookingsoftware.com पर अपने खाते से इसे किसी दूसरी साइट पर निष्क्रिय करें, फिर दोबारा सहेजें।"
"That key is valid, but not for a Sales Igniter Magento extension. Check that you copied the key for the Magento product from My Account > Licenses (%1).","यह कुंजी मान्य है, लेकिन Sales Igniter Magento एक्सटेंशन के लिए नहीं। जाँचें कि आपने Magento उत्पाद की कुंजी My Account > Licenses (%1) से कॉपी की है।"
"rentalbookingsoftware.com did not recognise that license key (%1). Check it against your keys in My Account > Licenses (%2).","rentalbookingsoftware.com ने इस लाइसेंस कुंजी (%1) को नहीं पहचाना। इसे My Account > Licenses (%2) में अपनी कुंजियों से मिलाकर जाँचें।"
"You can find your keys in %1 on rentalbookingsoftware.com. Saving activates the key on this store; your Sales Igniter updates are downloaded with the same key.","आपकी कुंजियाँ rentalbookingsoftware.com पर %1 में मिलेंगी। सहेजने पर कुंजी इस स्टोर पर सक्रिय हो जाती है; आपके Sales Igniter अपडेट इसी कुंजी से डाउनलोड होते हैं।"
"No license key","कोई लाइसेंस कुंजी नहीं"
"Enter your license key above and save. You can find your keys in %1 on rentalbookingsoftware.com. Updates for Sales Igniter extensions are downloaded with this key.","अपनी लाइसेंस कुंजी ऊपर दर्ज करें और सहेजें। आपकी कुंजियाँ rentalbookingsoftware.com पर %1 में मिलेंगी। Sales Igniter एक्सटेंशन के अपडेट इसी कुंजी से डाउनलोड होते हैं।"
"Active on %1 of %2 sites","%2 में से %1 साइटों पर सक्रिय"
"Active on %1 sites (unlimited)","%1 साइटों पर सक्रिय (असीमित)"
"Active","सक्रिय"
"Lifetime license","आजीवन लाइसेंस"
"Expires soon","जल्द समाप्त होगा"
"Expires %1 (%2)","%1 को समाप्त होगा (%2)"
"Renew early","पहले ही नवीनीकरण करें"
"Expired","समाप्त"
"Expired on %1. Updates and support stop until it is renewed.","%1 को समाप्त हो गया। नवीनीकरण होने तक अपडेट और सहायता बंद रहेंगे।"
"Renew license","लाइसेंस का नवीनीकरण करें"
"Not active on this store","इस स्टोर पर सक्रिय नहीं"
"Re-enter the key and save to activate it here.","इसे यहाँ सक्रिय करने के लिए कुंजी फिर से दर्ज करें और सहेजें।"
"No activations left","कोई सक्रियण शेष नहीं"
"This license is already active on as many sites as it allows. Deactivate an old site from your account on rentalbookingsoftware.com, then save the key again.","यह लाइसेंस पहले से उतनी साइटों पर सक्रिय है जितनी इसकी अनुमति है। rentalbookingsoftware.com पर अपने खाते से किसी पुरानी साइट को निष्क्रिय करें, फिर कुंजी फिर से सहेजें।"
"Disabled","निष्क्रिय"
"This license has been disabled. Contact Sales Igniter support.","यह लाइसेंस निष्क्रिय कर दिया गया है। Sales Igniter सहायता से संपर्क करें।"
"Not a Magento license","Magento लाइसेंस नहीं"
"That key is valid, but for a different Sales Igniter product. Use the key for your Magento extension from %1.","यह कुंजी मान्य है, लेकिन किसी अन्य Sales Igniter उत्पाद के लिए। %1 से अपने Magento एक्सटेंशन की कुंजी का उपयोग करें।"
"Not checked","जाँच नहीं हुई"
"rentalbookingsoftware.com could not be reached. The key is saved; try ""Check now"" in a moment.","rentalbookingsoftware.com से संपर्क नहीं हो सका। कुंजी सहेज दी गई है; थोड़ी देर में ""अभी जाँचें"" आज़माएँ।"
"Not recognised","पहचाना नहीं गया"
"rentalbookingsoftware.com does not recognise this key (%1). Check it against your keys in %2.","rentalbookingsoftware.com इस कुंजी (%1) को नहीं पहचानता। इसे %2 में अपनी कुंजियों से मिलाकर जाँचें।"
"Key %1","कुंजी %1"
"Could not re-check at %1; showing the last answer","%1 पर दोबारा जाँच नहीं हो सकी; पिछला उत्तर दिखाया जा रहा है"
"Checked %1","%1 को जाँचा गया"
"Check now","अभी जाँचें"
"today","आज"
"%1 days left","%1 दिन शेष"
"There is no license to check here.","There is no license to check here."
"Enter a license key first.","पहले लाइसेंस कुंजी दर्ज करें।"
"rentalbookingsoftware.com could not be reached. Try again in a moment.","rentalbookingsoftware.com से संपर्क नहीं हो सका। थोड़ी देर में फिर से प्रयास करें।"
"License checked.","लाइसेंस की जाँच हो गई।"
