"Daily","Giornaliero"
"Day","Giorno"
"Month","Mese"
"Monthly","Mensile"
"Never","Mai"
"None","Nessuna"
"Notified customer about invoice #%1.","Cliente informato della fattura n. %1."
"Product Deleted","Prodotto eliminato"
"Week","Settimana"
"Weekly","Settimanale"
"Year","Anno"
"Yearly","Annuale"
"You can find your keys in %1 on rentalbookingsoftware.com.","You can find your keys in %1 on rentalbookingsoftware.com."
"My Account > Licenses","My Account > Licenses"
"Your %1 license is active on this store.","La tua licenza %1 è attiva su questo negozio."
"Sales Igniter","Sales Igniter"
"That license has expired. Renew it from the License panel to keep receiving updates.","La licenza è scaduta. Rinnovala dal pannello Licenza per continuare a ricevere aggiornamenti."
"The license key was saved, but rentalbookingsoftware.com could not be reached to activate it. Use ""Check now"" in the License panel to try again.","La chiave di licenza è stata salvata, ma non è stato possibile raggiungere rentalbookingsoftware.com per attivarla. Usa ""Verifica ora"" nel pannello Licenza per riprovare."
"That license is already active on as many sites as it allows. Deactivate it on another site from your account on rentalbookingsoftware.com, then save again.","La licenza è già attiva sul numero massimo di siti consentito. Disattivala su un altro sito dal tuo account su rentalbookingsoftware.com, quindi salva di nuovo."
"That key is valid, but not for a Sales Igniter Magento extension. Check that you copied the key for the Magento product from My Account > Licenses (%1).","Questa chiave è valida, ma non per un'estensione Magento di Sales Igniter. Controlla di aver copiato la chiave del prodotto Magento da My Account > Licenses (%1)."
"rentalbookingsoftware.com did not recognise that license key (%1). Check it against your keys in My Account > Licenses (%2).","rentalbookingsoftware.com non ha riconosciuto questa chiave di licenza (%1). Confrontala con le tue chiavi in My Account > Licenses (%2)."
"You can find your keys in %1 on rentalbookingsoftware.com. Saving activates the key on this store; your Sales Igniter updates are downloaded with the same key.","Trovi le tue chiavi in %1 su rentalbookingsoftware.com. Salvando, la chiave viene attivata su questo negozio; gli aggiornamenti di Sales Igniter vengono scaricati con la stessa chiave."
"No license key","Nessuna chiave di licenza"
"Enter your license key above and save. You can find your keys in %1 on rentalbookingsoftware.com. Updates for Sales Igniter extensions are downloaded with this key.","Inserisci qui sopra la tua chiave di licenza e salva. Trovi le tue chiavi in %1 su rentalbookingsoftware.com. Gli aggiornamenti delle estensioni Sales Igniter vengono scaricati con questa chiave."
"Active on %1 of %2 sites","Attiva su %1 di %2 siti"
"Active on %1 sites (unlimited)","Attiva su %1 siti (illimitata)"
"Active","Attivo"
"Lifetime license","Licenza a vita"
"Expires soon","In scadenza"
"Expires %1 (%2)","Scade il %1 (%2)"
"Renew early","Rinnova in anticipo"
"Expired","Scaduta"
"Expired on %1. Updates and support stop until it is renewed.","Scaduta il %1. Aggiornamenti e assistenza sono sospesi fino al rinnovo."
"Renew license","Rinnova licenza"
"Not active on this store","Non attiva su questo negozio"
"Re-enter the key and save to activate it here.","Inserisci di nuovo la chiave e salva per attivarla qui."
"No activations left","Nessuna attivazione disponibile"
"This license is already active on as many sites as it allows. Deactivate an old site from your account on rentalbookingsoftware.com, then save the key again.","Questa licenza è già attiva sul numero massimo di siti consentito. Disattiva un vecchio sito dal tuo account su rentalbookingsoftware.com, quindi salva di nuovo la chiave."
"Disabled","Disabilitato"
"This license has been disabled. Contact Sales Igniter support.","Questa licenza è stata disattivata. Contatta l'assistenza Sales Igniter."
"Not a Magento license","Non è una licenza Magento"
"That key is valid, but for a different Sales Igniter product. Use the key for your Magento extension from %1.","Questa chiave è valida, ma per un altro prodotto Sales Igniter. Usa la chiave della tua estensione Magento che trovi in %1."
"Not checked","Non verificata"
"rentalbookingsoftware.com could not be reached. The key is saved; try ""Check now"" in a moment.","Impossibile raggiungere rentalbookingsoftware.com. La chiave è stata salvata; prova ""Verifica ora"" tra poco."
"Not recognised","Non riconosciuta"
"rentalbookingsoftware.com does not recognise this key (%1). Check it against your keys in %2.","rentalbookingsoftware.com non riconosce questa chiave (%1). Confrontala con le tue chiavi in %2."
"Key %1","Chiave %1"
"Could not re-check at %1; showing the last answer","Nuova verifica non riuscita (%1); viene mostrata l'ultima risposta"
"Checked %1","Verificata %1"
"Check now","Verifica ora"
"today","oggi"
"%1 days left","%1 giorni rimanenti"
"There is no license to check here.","There is no license to check here."
"Enter a license key first.","Inserisci prima una chiave di licenza."
"rentalbookingsoftware.com could not be reached. Try again in a moment.","Impossibile raggiungere rentalbookingsoftware.com. Riprova tra poco."
"License checked.","Licenza verificata."
