"Daily","毎日"
"Day","日"
"Month","月"
"Monthly","毎月"
"Never","なし"
"None","なし"
"Notified customer about invoice #%1.","請求書 #%1 について顧客に通知しました。"
"Product Deleted","商品は削除されました"
"Week","週"
"Weekly","毎週"
"Year","年"
"Yearly","毎年"
"You can find your keys in %1 on rentalbookingsoftware.com.","You can find your keys in %1 on rentalbookingsoftware.com."
"My Account > Licenses","My Account > Licenses"
"Your %1 license is active on this store.","%1 ライセンスはこのストアで有効です。"
"Sales Igniter","Sales Igniter"
"That license has expired. Renew it from the License panel to keep receiving updates.","そのライセンスは期限切れです。アップデートを引き続き受け取るには、「ライセンス」パネルから更新してください。"
"The license key was saved, but rentalbookingsoftware.com could not be reached to activate it. Use ""Check now"" in the License panel to try again.","ライセンスキーは保存されましたが、rentalbookingsoftware.com に接続できなかったため有効化できませんでした。「ライセンス」パネルの「今すぐ確認」で再度お試しください。"
"That license is already active on as many sites as it allows. Deactivate it on another site from your account on rentalbookingsoftware.com, then save again.","そのライセンスは許可されている数のサイトですでに有効化されています。rentalbookingsoftware.com のアカウントから別のサイトでの有効化を解除してから、もう一度保存してください。"
"That key is valid, but not for a Sales Igniter Magento extension. Check that you copied the key for the Magento product from My Account > Licenses (%1).","このキーは有効ですが、Sales Igniter の Magento 拡張機能用ではありません。My Account > Licenses（%1）から Magento 製品用のキーをコピーしたか確認してください。"
"rentalbookingsoftware.com did not recognise that license key (%1). Check it against your keys in My Account > Licenses (%2).","rentalbookingsoftware.com がこのライセンスキー（%1）を認識できませんでした。My Account > Licenses（%2）にあるキーと照らし合わせて確認してください。"
"You can find your keys in %1 on rentalbookingsoftware.com. Saving activates the key on this store; your Sales Igniter updates are downloaded with the same key.","キーは rentalbookingsoftware.com の %1 で確認できます。保存するとこのストアでキーが有効になり、Sales Igniter のアップデートは同じキーでダウンロードされます。"
"No license key","ライセンスキーなし"
"Enter your license key above and save. You can find your keys in %1 on rentalbookingsoftware.com. Updates for Sales Igniter extensions are downloaded with this key.","上の欄にライセンスキーを入力して保存してください。キーは rentalbookingsoftware.com の %1 で確認できます。Sales Igniter 拡張機能のアップデートはこのキーを使ってダウンロードされます。"
"Active on %1 of %2 sites","%2 サイト中 %1 サイトで有効"
"Active on %1 sites (unlimited)","%1 サイトで有効（無制限）"
"Active","有効"
"Lifetime license","永久ライセンス"
"Expires soon","まもなく期限切れ"
"Expires %1 (%2)","有効期限 %1（%2）"
"Renew early","早期更新"
"Expired","期限切れ"
"Expired on %1. Updates and support stop until it is renewed.","%1 に期限切れになりました。更新するまでアップデートとサポートは停止されます。"
"Renew license","ライセンスを更新"
"Not active on this store","このストアでは無効"
"Re-enter the key and save to activate it here.","ここで有効化するには、キーを再入力して保存してください。"
"No activations left","有効化の上限に達しました"
"This license is already active on as many sites as it allows. Deactivate an old site from your account on rentalbookingsoftware.com, then save the key again.","このライセンスは許可されている数のサイトですでに有効化されています。rentalbookingsoftware.com のアカウントから古いサイトを無効化してから、もう一度キーを保存してください。"
"Disabled","無効"
"This license has been disabled. Contact Sales Igniter support.","このライセンスは無効化されています。Sales Igniter サポートにお問い合わせください。"
"Not a Magento license","Magento 用ライセンスではありません"
"That key is valid, but for a different Sales Igniter product. Use the key for your Magento extension from %1.","このキーは有効ですが、別の Sales Igniter 製品用です。%1 にある Magento 拡張機能用のキーを使用してください。"
"Not checked","未確認"
"rentalbookingsoftware.com could not be reached. The key is saved; try ""Check now"" in a moment.","rentalbookingsoftware.com に接続できませんでした。キーは保存されています。しばらくしてから「今すぐ確認」をお試しください。"
"Not recognised","認識されません"
"rentalbookingsoftware.com does not recognise this key (%1). Check it against your keys in %2.","rentalbookingsoftware.com がこのキー（%1）を認識できません。%2 にあるキーと照らし合わせて確認してください。"
"Key %1","キー %1"
"Could not re-check at %1; showing the last answer","%1 に再確認できませんでした。前回の結果を表示しています"
"Checked %1","確認日時 %1"
"Check now","今すぐ確認"
"today","今日"
"%1 days left","残り %1 日"
"There is no license to check here.","There is no license to check here."
"Enter a license key first.","先にライセンスキーを入力してください。"
"rentalbookingsoftware.com could not be reached. Try again in a moment.","rentalbookingsoftware.com に接続できませんでした。しばらくしてからもう一度お試しください。"
"License checked.","ライセンスを確認しました。"
