"Daily","매일"
"Day","일"
"Month","월"
"Monthly","매월"
"Never","안 함"
"None","없음"
"Notified customer about invoice #%1.","인보이스 #%1에 대해 고객에게 알렸습니다."
"Product Deleted","상품이 삭제되었습니다"
"Week","주"
"Weekly","매주"
"Year","년"
"Yearly","매년"
"You can find your keys in %1 on rentalbookingsoftware.com.","You can find your keys in %1 on rentalbookingsoftware.com."
"My Account > Licenses","My Account > Licenses"
"Your %1 license is active on this store.","%1 라이선스가 이 스토어에서 활성화되어 있습니다."
"Sales Igniter","Sales Igniter"
"That license has expired. Renew it from the License panel to keep receiving updates.","라이선스가 만료되었습니다. 계속 업데이트를 받으려면 라이선스 패널에서 갱신하십시오."
"The license key was saved, but rentalbookingsoftware.com could not be reached to activate it. Use ""Check now"" in the License panel to try again.","라이선스 키를 저장했지만 활성화를 위해 rentalbookingsoftware.com에 연결할 수 없습니다. 라이선스 패널에서 ""지금 확인""을 사용해 다시 시도하십시오."
"That license is already active on as many sites as it allows. Deactivate it on another site from your account on rentalbookingsoftware.com, then save again.","이 라이선스는 이미 허용된 최대 사이트 수에서 활성화되어 있습니다. rentalbookingsoftware.com 계정에서 다른 사이트의 활성화를 해제한 뒤 다시 저장하십시오."
"That key is valid, but not for a Sales Igniter Magento extension. Check that you copied the key for the Magento product from My Account > Licenses (%1).","유효한 키이지만 Sales Igniter Magento 확장 프로그램용이 아닙니다. My Account > Licenses(%1)에서 Magento 제품용 키를 복사했는지 확인하십시오."
"rentalbookingsoftware.com did not recognise that license key (%1). Check it against your keys in My Account > Licenses (%2).","rentalbookingsoftware.com에서 이 라이선스 키(%1)를 인식하지 못했습니다. My Account > Licenses(%2)의 키와 대조해 확인하십시오."
"You can find your keys in %1 on rentalbookingsoftware.com. Saving activates the key on this store; your Sales Igniter updates are downloaded with the same key.","키는 rentalbookingsoftware.com의 %1에서 확인할 수 있습니다. 저장하면 이 스토어에서 키가 활성화되며, Sales Igniter 업데이트는 같은 키로 다운로드됩니다."
"No license key","라이선스 키 없음"
"Enter your license key above and save. You can find your keys in %1 on rentalbookingsoftware.com. Updates for Sales Igniter extensions are downloaded with this key.","위에 라이선스 키를 입력하고 저장하십시오. 키는 rentalbookingsoftware.com의 %1에서 확인할 수 있습니다. Sales Igniter 확장 프로그램 업데이트는 이 키로 다운로드됩니다."
"Active on %1 of %2 sites","사이트 %2개 중 %1개에서 활성"
"Active on %1 sites (unlimited)","사이트 %1개에서 활성(무제한)"
"Active","활성"
"Lifetime license","평생 라이선스"
"Expires soon","곧 만료"
"Expires %1 (%2)","%1 만료(%2)"
"Renew early","미리 갱신"
"Expired","만료됨"
"Expired on %1. Updates and support stop until it is renewed.","%1에 만료되었습니다. 갱신할 때까지 업데이트와 지원이 중단됩니다."
"Renew license","라이선스 갱신"
"Not active on this store","이 스토어에서 활성화되지 않음"
"Re-enter the key and save to activate it here.","여기에서 활성화하려면 키를 다시 입력하고 저장하십시오."
"No activations left","남은 활성화 횟수 없음"
"This license is already active on as many sites as it allows. Deactivate an old site from your account on rentalbookingsoftware.com, then save the key again.","이 라이선스는 이미 허용된 최대 사이트 수에서 활성화되어 있습니다. rentalbookingsoftware.com 계정에서 이전 사이트를 비활성화한 뒤 키를 다시 저장하십시오."
"Disabled","장애인"
"This license has been disabled. Contact Sales Igniter support.","이 라이선스는 비활성화되었습니다. Sales Igniter 지원팀에 문의하십시오."
"Not a Magento license","Magento 라이선스 아님"
"That key is valid, but for a different Sales Igniter product. Use the key for your Magento extension from %1.","유효한 키이지만 다른 Sales Igniter 제품용입니다. %1에서 Magento 확장 프로그램용 키를 사용하십시오."
"Not checked","확인 안 됨"
"rentalbookingsoftware.com could not be reached. The key is saved; try ""Check now"" in a moment.","rentalbookingsoftware.com에 연결할 수 없습니다. 키는 저장되었습니다. 잠시 후 ""지금 확인""을 시도하십시오."
"Not recognised","인식되지 않음"
"rentalbookingsoftware.com does not recognise this key (%1). Check it against your keys in %2.","rentalbookingsoftware.com에서 이 키(%1)를 인식하지 못합니다. %2의 키와 대조해 확인하십시오."
"Key %1","키 %1"
"Could not re-check at %1; showing the last answer","%1에 다시 확인하지 못했습니다. 마지막 응답을 표시합니다"
"Checked %1","%1 확인함"
"Check now","지금 확인"
"today","오늘"
"%1 days left","%1일 남음"
"There is no license to check here.","There is no license to check here."
"Enter a license key first.","먼저 라이선스 키를 입력하십시오."
"rentalbookingsoftware.com could not be reached. Try again in a moment.","rentalbookingsoftware.com에 연결할 수 없습니다. 잠시 후 다시 시도하십시오."
"License checked.","라이선스를 확인했습니다."
