"Daily","Dagelijks"
"Day","Dag"
"Month","Maand"
"Monthly","Maandelijks"
"Never","Nooit"
"None","Geen"
"Notified customer about invoice #%1.","Klant geïnformeerd over factuur %1."
"Product Deleted","Product verwijderd"
"Week","Week"
"Weekly","Wekelijks"
"Year","Jaar"
"Yearly","Jaarlijks"
"You can find your keys in %1 on rentalbookingsoftware.com.","You can find your keys in %1 on rentalbookingsoftware.com."
"My Account > Licenses","My Account > Licenses"
"Your %1 license is active on this store.","Uw %1-licentie is actief in deze winkel."
"Sales Igniter","Sales Igniter"
"That license has expired. Renew it from the License panel to keep receiving updates.","Die licentie is verlopen. Verleng deze via het paneel Licentie om updates te blijven ontvangen."
"The license key was saved, but rentalbookingsoftware.com could not be reached to activate it. Use ""Check now"" in the License panel to try again.","De licentiesleutel is opgeslagen, maar rentalbookingsoftware.com kon niet worden bereikt om deze te activeren. Gebruik ""Nu controleren"" in het paneel Licentie om het opnieuw te proberen."
"That license is already active on as many sites as it allows. Deactivate it on another site from your account on rentalbookingsoftware.com, then save again.","Die licentie is al actief op het maximale aantal sites. Deactiveer deze op een andere site via uw account op rentalbookingsoftware.com en sla daarna opnieuw op."
"That key is valid, but not for a Sales Igniter Magento extension. Check that you copied the key for the Magento product from My Account > Licenses (%1).","Deze sleutel is geldig, maar niet voor een Sales Igniter-extensie voor Magento. Controleer of u de sleutel voor het Magento-product uit My Account > Licenses (%1) hebt gekopieerd."
"rentalbookingsoftware.com did not recognise that license key (%1). Check it against your keys in My Account > Licenses (%2).","rentalbookingsoftware.com heeft deze licentiesleutel niet herkend (%1). Vergelijk deze met uw sleutels in My Account > Licenses (%2)."
"You can find your keys in %1 on rentalbookingsoftware.com. Saving activates the key on this store; your Sales Igniter updates are downloaded with the same key.","U vindt uw sleutels in %1 op rentalbookingsoftware.com. Bij het opslaan wordt de sleutel voor deze winkel geactiveerd; uw Sales Igniter-updates worden met dezelfde sleutel gedownload."
"No license key","Geen licentiesleutel"
"Enter your license key above and save. You can find your keys in %1 on rentalbookingsoftware.com. Updates for Sales Igniter extensions are downloaded with this key.","Voer hierboven uw licentiesleutel in en sla op. U vindt uw sleutels in %1 op rentalbookingsoftware.com. Updates voor Sales Igniter-extensies worden met deze sleutel gedownload."
"Active on %1 of %2 sites","Actief op %1 van %2 sites"
"Active on %1 sites (unlimited)","Actief op %1 sites (onbeperkt)"
"Active","Actief"
"Lifetime license","Levenslange licentie"
"Expires soon","Verloopt binnenkort"
"Expires %1 (%2)","Verloopt %1 (%2)"
"Renew early","Vroegtijdig verlengen"
"Expired","Verlopen"
"Expired on %1. Updates and support stop until it is renewed.","Verlopen op %1. Updates en ondersteuning stoppen totdat de licentie is verlengd."
"Renew license","Licentie verlengen"
"Not active on this store","Niet actief in deze winkel"
"Re-enter the key and save to activate it here.","Voer de sleutel opnieuw in en sla op om deze hier te activeren."
"No activations left","Geen activeringen meer over"
"This license is already active on as many sites as it allows. Deactivate an old site from your account on rentalbookingsoftware.com, then save the key again.","Deze licentie is al actief op het maximale aantal sites. Deactiveer een oude site via uw account op rentalbookingsoftware.com en sla de sleutel daarna opnieuw op."
"Disabled","Gehandicapt"
"This license has been disabled. Contact Sales Igniter support.","Deze licentie is uitgeschakeld. Neem contact op met de ondersteuning van Sales Igniter."
"Not a Magento license","Geen Magento-licentie"
"That key is valid, but for a different Sales Igniter product. Use the key for your Magento extension from %1.","Deze sleutel is geldig, maar voor een ander Sales Igniter-product. Gebruik de sleutel voor uw Magento-extensie uit %1."
"Not checked","Niet gecontroleerd"
"rentalbookingsoftware.com could not be reached. The key is saved; try ""Check now"" in a moment.","rentalbookingsoftware.com kon niet worden bereikt. De sleutel is opgeslagen; probeer zo meteen ""Nu controleren""."
"Not recognised","Niet herkend"
"rentalbookingsoftware.com does not recognise this key (%1). Check it against your keys in %2.","rentalbookingsoftware.com herkent deze sleutel niet (%1). Vergelijk deze met uw sleutels in %2."
"Key %1","Sleutel %1"
"Could not re-check at %1; showing the last answer","Kon niet opnieuw controleren om %1; het laatste antwoord wordt getoond"
"Checked %1","Gecontroleerd %1"
"Check now","Nu controleren"
"today","vandaag"
"%1 days left","nog %1 dagen"
"There is no license to check here.","There is no license to check here."
"Enter a license key first.","Voer eerst een licentiesleutel in."
"rentalbookingsoftware.com could not be reached. Try again in a moment.","rentalbookingsoftware.com kon niet worden bereikt. Probeer het zo meteen opnieuw."
"License checked.","Licentie gecontroleerd."
"The current user is not authorized to use ""%1"". It needs the ""%2"" resource, which is granted to an admin or integration token.","De huidige gebruiker mag ""%1"" niet gebruiken. Daarvoor is de resource ""%2"" nodig, die wordt toegekend aan een beheerders- of integratietoken."
"The current user is not authorized to use ""%1"". It needs one of the ""%2"" resources, which are granted to an admin or integration token.","De huidige gebruiker mag ""%1"" niet gebruiken. Daarvoor is een van de resources ""%2"" nodig, die worden toegekend aan een beheerders- of integratietoken."
"""%1"" is required.","""%1"" is verplicht."
"""%1"" must be a date in ""Y-m-d"" or ""Y-m-d H:i:s"" format, got ""%2"".","""%1"" moet een datum zijn in de indeling ""Y-m-d"" of ""Y-m-d H:i:s"", ontvangen: ""%2""."
"The window asked for is %1 days; at most %2 days can be returned in one query.","De gevraagde periode is %1 dagen; er kunnen maximaal %2 dagen in één query worden opgevraagd."
"pageSize value must be greater than 0.","De waarde van pageSize moet groter zijn dan 0."
"pageSize value must not be greater than %1.","De waarde van pageSize mag niet groter zijn dan %1."
"currentPage value must be greater than 0.","De waarde van currentPage moet groter zijn dan 0."
"currentPage value %1 specified is greater than the number of pages available (%2).","De opgegeven waarde %1 van currentPage is groter dan het aantal beschikbare pagina's (%2)."
"Cannot remove the data of %1: tables that belong to other modules still reference its tables (%2). Uninstall the modules that own those tables first, or in the same command before %1.","De gegevens van %1 kunnen niet worden verwijderd: tabellen van andere modules verwijzen nog naar de tabellen ervan (%2). Verwijder eerst de modules die eigenaar zijn van die tabellen, of doe dat in dezelfde opdracht vóór %1."
"The end date (%1) must be on or after the start date (%2).","De einddatum (%1) moet op of na de startdatum (%2) liggen."
"The end date (%1) must be after the start date (%2).","De einddatum (%1) moet na de startdatum (%2) liggen."
