"Daily","Codziennie"
"Day","Dzień"
"Month","Miesiąc"
"Monthly","Co miesiąc"
"Never","Nigdy"
"None","Brak"
"Notified customer about invoice #%1.","Klient został powiadomiony o fakturze nr %1."
"Product Deleted","Produkt usunięty"
"Week","Tydzień"
"Weekly","Co tydzień"
"Year","Rok"
"Yearly","Co roku"
"You can find your keys in %1 on rentalbookingsoftware.com.","You can find your keys in %1 on rentalbookingsoftware.com."
"My Account > Licenses","My Account > Licenses"
"Your %1 license is active on this store.","Twoja licencja %1 jest aktywna w tym sklepie."
"Sales Igniter","Sales Igniter"
"That license has expired. Renew it from the License panel to keep receiving updates.","Ta licencja wygasła. Odnów ją w panelu „Licencja”, aby nadal otrzymywać aktualizacje."
"The license key was saved, but rentalbookingsoftware.com could not be reached to activate it. Use ""Check now"" in the License panel to try again.","Klucz licencyjny został zapisany, ale nie udało się połączyć z rentalbookingsoftware.com w celu jego aktywacji. Użyj opcji „Sprawdź teraz” w panelu „Licencja”, aby spróbować ponownie."
"That license is already active on as many sites as it allows. Deactivate it on another site from your account on rentalbookingsoftware.com, then save again.","Ta licencja jest już aktywna w maksymalnej dozwolonej liczbie witryn. Dezaktywuj ją w innej witrynie na swoim koncie w rentalbookingsoftware.com, a następnie zapisz ponownie."
"That key is valid, but not for a Sales Igniter Magento extension. Check that you copied the key for the Magento product from My Account > Licenses (%1).","Ten klucz jest prawidłowy, ale nie dla rozszerzenia Sales Igniter do Magento. Sprawdź, czy skopiowano klucz produktu Magento z My Account > Licenses (%1)."
"rentalbookingsoftware.com did not recognise that license key (%1). Check it against your keys in My Account > Licenses (%2).","rentalbookingsoftware.com nie rozpoznał tego klucza licencyjnego (%1). Porównaj go ze swoimi kluczami w My Account > Licenses (%2)."
"You can find your keys in %1 on rentalbookingsoftware.com. Saving activates the key on this store; your Sales Igniter updates are downloaded with the same key.","Swoje klucze znajdziesz w %1 na rentalbookingsoftware.com. Zapisanie aktywuje klucz w tym sklepie; aktualizacje Sales Igniter są pobierane przy użyciu tego samego klucza."
"No license key","Brak klucza licencyjnego"
"Enter your license key above and save. You can find your keys in %1 on rentalbookingsoftware.com. Updates for Sales Igniter extensions are downloaded with this key.","Wpisz powyżej swój klucz licencyjny i zapisz. Swoje klucze znajdziesz w %1 na rentalbookingsoftware.com. Aktualizacje rozszerzeń Sales Igniter są pobierane przy użyciu tego klucza."
"Active on %1 of %2 sites","Aktywna w %1 z %2 witryn"
"Active on %1 sites (unlimited)","Aktywna w witrynach: %1 (bez limitu)"
"Active","Aktywny"
"Lifetime license","Licencja dożywotnia"
"Expires soon","Wkrótce wygasa"
"Expires %1 (%2)","Wygasa %1 (%2)"
"Renew early","Odnów wcześniej"
"Expired","Wygasła"
"Expired on %1. Updates and support stop until it is renewed.","Wygasła %1. Aktualizacje i wsparcie są wstrzymane do czasu odnowienia."
"Renew license","Odnów licencję"
"Not active on this store","Nieaktywna w tym sklepie"
"Re-enter the key and save to activate it here.","Wpisz ponownie klucz i zapisz, aby aktywować licencję tutaj."
"No activations left","Brak dostępnych aktywacji"
"This license is already active on as many sites as it allows. Deactivate an old site from your account on rentalbookingsoftware.com, then save the key again.","Ta licencja jest już aktywna w maksymalnej dozwolonej liczbie witryn. Dezaktywuj starą witrynę na swoim koncie w rentalbookingsoftware.com, a następnie ponownie zapisz klucz."
"Disabled","Niepełnosprawny"
"This license has been disabled. Contact Sales Igniter support.","Ta licencja została wyłączona. Skontaktuj się z pomocą techniczną Sales Igniter."
"Not a Magento license","To nie jest licencja Magento"
"That key is valid, but for a different Sales Igniter product. Use the key for your Magento extension from %1.","Ten klucz jest prawidłowy, ale dla innego produktu Sales Igniter. Użyj klucza do swojego rozszerzenia Magento z %1."
"Not checked","Nie sprawdzono"
"rentalbookingsoftware.com could not be reached. The key is saved; try ""Check now"" in a moment.","Nie udało się połączyć z rentalbookingsoftware.com. Klucz został zapisany; za chwilę użyj opcji „Sprawdź teraz”."
"Not recognised","Nie rozpoznano"
"rentalbookingsoftware.com does not recognise this key (%1). Check it against your keys in %2.","rentalbookingsoftware.com nie rozpoznaje tego klucza (%1). Porównaj go ze swoimi kluczami w %2."
"Key %1","Klucz %1"
"Could not re-check at %1; showing the last answer","Nie udało się ponownie sprawdzić o %1; wyświetlana jest ostatnia odpowiedź"
"Checked %1","Sprawdzono %1"
"Check now","Sprawdź teraz"
"today","dzisiaj"
"%1 days left","Pozostało dni: %1"
"There is no license to check here.","There is no license to check here."
"Enter a license key first.","Najpierw wpisz klucz licencyjny."
"rentalbookingsoftware.com could not be reached. Try again in a moment.","Nie udało się połączyć z rentalbookingsoftware.com. Spróbuj ponownie za chwilę."
"License checked.","Licencja sprawdzona."
"The current user is not authorized to use ""%1"". It needs the ""%2"" resource, which is granted to an admin or integration token.","Bieżący użytkownik nie ma uprawnień do użycia „%1”. Wymagany jest zasób „%2”, przyznawany tokenowi administratora lub integracji."
"The current user is not authorized to use ""%1"". It needs one of the ""%2"" resources, which are granted to an admin or integration token.","Bieżący użytkownik nie ma uprawnień do użycia „%1”. Wymagany jest jeden z zasobów „%2”, przyznawanych tokenowi administratora lub integracji."
"""%1"" is required.","„%1” jest wymagane."
"""%1"" must be a date in ""Y-m-d"" or ""Y-m-d H:i:s"" format, got ""%2"".","„%1” musi być datą w formacie „Y-m-d” lub „Y-m-d H:i:s”, otrzymano „%2”."
"The window asked for is %1 days; at most %2 days can be returned in one query.","Żądany okres ma %1 dni; w jednym zapytaniu można zwrócić maksymalnie %2 dni."
"pageSize value must be greater than 0.","Wartość pageSize musi być większa od 0."
"pageSize value must not be greater than %1.","Wartość pageSize nie może być większa niż %1."
"currentPage value must be greater than 0.","Wartość currentPage musi być większa od 0."
"currentPage value %1 specified is greater than the number of pages available (%2).","Podana wartość currentPage (%1) jest większa niż liczba dostępnych stron (%2)."
"Cannot remove the data of %1: tables that belong to other modules still reference its tables (%2). Uninstall the modules that own those tables first, or in the same command before %1.","Nie można usunąć danych modułu %1: tabele należące do innych modułów nadal odwołują się do jego tabel (%2). Najpierw odinstaluj moduły, do których należą te tabele, lub podaj je w tym samym poleceniu przed %1."
"The end date (%1) must be on or after the start date (%2).","Data zakończenia (%1) musi być taka sama jak data rozpoczęcia (%2) lub późniejsza."
"The end date (%1) must be after the start date (%2).","Data zakończenia (%1) musi być późniejsza niż data rozpoczęcia (%2)."
