"Daily","Diário"
"Day","Dia"
"Month","Mês"
"Monthly","Mensal"
"Never","Nunca"
"None","Nenhum"
"Notified customer about invoice #%1.","Cliente notificado sobre a fatura n.º %1."
"Product Deleted","Produto eliminado"
"Week","Semana"
"Weekly","Semanal"
"Year","Ano"
"Yearly","Anual"
"You can find your keys in %1 on rentalbookingsoftware.com.","You can find your keys in %1 on rentalbookingsoftware.com."
"My Account > Licenses","My Account > Licenses"
"Your %1 license is active on this store.","A sua licença %1 está ativa nesta loja."
"Sales Igniter","Sales Igniter"
"That license has expired. Renew it from the License panel to keep receiving updates.","Essa licença expirou. Renove-a no painel Licença para continuar a receber atualizações."
"The license key was saved, but rentalbookingsoftware.com could not be reached to activate it. Use ""Check now"" in the License panel to try again.","A chave de licença foi guardada, mas não foi possível contactar rentalbookingsoftware.com para a ativar. Use ""Verificar agora"" no painel Licença para tentar novamente."
"That license is already active on as many sites as it allows. Deactivate it on another site from your account on rentalbookingsoftware.com, then save again.","Essa licença já está ativa no número máximo de sites permitido. Desative-a noutro site na sua conta em rentalbookingsoftware.com e depois guarde novamente."
"That key is valid, but not for a Sales Igniter Magento extension. Check that you copied the key for the Magento product from My Account > Licenses (%1).","Essa chave é válida, mas não para uma extensão Magento da Sales Igniter. Verifique se copiou a chave do produto Magento de My Account > Licenses (%1)."
"rentalbookingsoftware.com did not recognise that license key (%1). Check it against your keys in My Account > Licenses (%2).","rentalbookingsoftware.com não reconheceu essa chave de licença (%1). Compare-a com as suas chaves em My Account > Licenses (%2)."
"You can find your keys in %1 on rentalbookingsoftware.com. Saving activates the key on this store; your Sales Igniter updates are downloaded with the same key.","Encontra as suas chaves em %1 em rentalbookingsoftware.com. Ao guardar, a chave é ativada nesta loja; as suas atualizações Sales Igniter são transferidas com a mesma chave."
"No license key","Sem chave de licença"
"Enter your license key above and save. You can find your keys in %1 on rentalbookingsoftware.com. Updates for Sales Igniter extensions are downloaded with this key.","Introduza acima a sua chave de licença e guarde. Encontra as suas chaves em %1 em rentalbookingsoftware.com. As atualizações das extensões Sales Igniter são transferidas com esta chave."
"Active on %1 of %2 sites","Ativa em %1 de %2 sites"
"Active on %1 sites (unlimited)","Ativa em %1 sites (ilimitado)"
"Active","Ativo"
"Lifetime license","Licença vitalícia"
"Expires soon","Expira em breve"
"Expires %1 (%2)","Expira a %1 (%2)"
"Renew early","Renovar antecipadamente"
"Expired","Expirada"
"Expired on %1. Updates and support stop until it is renewed.","Expirou a %1. As atualizações e o suporte ficam suspensos até ser renovada."
"Renew license","Renovar licença"
"Not active on this store","Não está ativa nesta loja"
"Re-enter the key and save to activate it here.","Volte a introduzir a chave e guarde para a ativar aqui."
"No activations left","Sem ativações disponíveis"
"This license is already active on as many sites as it allows. Deactivate an old site from your account on rentalbookingsoftware.com, then save the key again.","Esta licença já está ativa no número máximo de sites permitido. Desative um site antigo na sua conta em rentalbookingsoftware.com e depois guarde novamente a chave."
"Disabled","Desativado"
"This license has been disabled. Contact Sales Igniter support.","Esta licença foi desativada. Contacte o suporte da Sales Igniter."
"Not a Magento license","Não é uma licença Magento"
"That key is valid, but for a different Sales Igniter product. Use the key for your Magento extension from %1.","Essa chave é válida, mas para outro produto Sales Igniter. Utilize a chave da sua extensão Magento, disponível em %1."
"Not checked","Não verificada"
"rentalbookingsoftware.com could not be reached. The key is saved; try ""Check now"" in a moment.","Não foi possível contactar rentalbookingsoftware.com. A chave foi guardada; experimente ""Verificar agora"" daqui a pouco."
"Not recognised","Não reconhecida"
"rentalbookingsoftware.com does not recognise this key (%1). Check it against your keys in %2.","rentalbookingsoftware.com não reconhece esta chave (%1). Compare-a com as suas chaves em %2."
"Key %1","Chave %1"
"Could not re-check at %1; showing the last answer","Não foi possível verificar novamente em %1; a mostrar a última resposta"
"Checked %1","Verificada %1"
"Check now","Verificar agora"
"today","hoje"
"%1 days left","faltam %1 dias"
"There is no license to check here.","There is no license to check here."
"Enter a license key first.","Introduza primeiro uma chave de licença."
"rentalbookingsoftware.com could not be reached. Try again in a moment.","Não foi possível contactar rentalbookingsoftware.com. Tente novamente daqui a pouco."
"License checked.","Licença verificada."
"The current user is not authorized to use ""%1"". It needs the ""%2"" resource, which is granted to an admin or integration token.","O utilizador atual não está autorizado a usar ""%1"". Precisa do recurso ""%2"", concedido a um token de administrador ou de integração."
"The current user is not authorized to use ""%1"". It needs one of the ""%2"" resources, which are granted to an admin or integration token.","O utilizador atual não está autorizado a usar ""%1"". Precisa de um dos recursos ""%2"", concedidos a um token de administrador ou de integração."
"""%1"" is required.","""%1"" é obrigatório."
"""%1"" must be a date in ""Y-m-d"" or ""Y-m-d H:i:s"" format, got ""%2"".","""%1"" tem de ser uma data no formato ""Y-m-d"" ou ""Y-m-d H:i:s""; foi recebido ""%2""."
"The window asked for is %1 days; at most %2 days can be returned in one query.","O período pedido é de %1 dias; é possível devolver no máximo %2 dias numa consulta."
"pageSize value must be greater than 0.","O valor de pageSize tem de ser superior a 0."
"pageSize value must not be greater than %1.","O valor de pageSize não pode ser superior a %1."
"currentPage value must be greater than 0.","O valor de currentPage tem de ser superior a 0."
"currentPage value %1 specified is greater than the number of pages available (%2).","O valor de currentPage indicado (%1) é superior ao número de páginas disponíveis (%2)."
"Cannot remove the data of %1: tables that belong to other modules still reference its tables (%2). Uninstall the modules that own those tables first, or in the same command before %1.","Não é possível remover os dados de %1: há tabelas de outros módulos que ainda fazem referência às suas tabelas (%2). Desinstale primeiro os módulos a que essas tabelas pertencem, ou no mesmo comando antes de %1."
"The end date (%1) must be on or after the start date (%2).","A data de fim (%1) tem de ser igual ou posterior à data de início (%2)."
"The end date (%1) must be after the start date (%2).","A data de fim (%1) tem de ser posterior à data de início (%2)."
