"Daily","Zilnic"
"Day","Zi"
"Month","Lună"
"Monthly","Lunar"
"Never","Niciodată"
"None","Niciunul"
"Notified customer about invoice #%1.","Clientul a fost notificat despre factura nr. %1."
"Product Deleted","Produs șters"
"Week","Săptămână"
"Weekly","Săptămânal"
"Year","An"
"Yearly","Anual"
"You can find your keys in %1 on rentalbookingsoftware.com.","You can find your keys in %1 on rentalbookingsoftware.com."
"My Account > Licenses","My Account > Licenses"
"Your %1 license is active on this store.","Licența dvs. %1 este activă în acest magazin."
"Sales Igniter","Sales Igniter"
"That license has expired. Renew it from the License panel to keep receiving updates.","Această licență a expirat. Reînnoiți-o din panoul Licență pentru a primi în continuare actualizări."
"The license key was saved, but rentalbookingsoftware.com could not be reached to activate it. Use ""Check now"" in the License panel to try again.","Cheia de licență a fost salvată, dar rentalbookingsoftware.com nu a putut fi contactat pentru a o activa. Folosiți „Verifică acum” din panoul Licență pentru a încerca din nou."
"That license is already active on as many sites as it allows. Deactivate it on another site from your account on rentalbookingsoftware.com, then save again.","Această licență este deja activă pe numărul maxim de site-uri permis. Dezactivați-o pe alt site din contul dvs. de pe rentalbookingsoftware.com, apoi salvați din nou."
"That key is valid, but not for a Sales Igniter Magento extension. Check that you copied the key for the Magento product from My Account > Licenses (%1).","Această cheie este validă, dar nu pentru o extensie Magento Sales Igniter. Verificați dacă ați copiat cheia pentru produsul Magento din My Account > Licenses (%1)."
"rentalbookingsoftware.com did not recognise that license key (%1). Check it against your keys in My Account > Licenses (%2).","rentalbookingsoftware.com nu a recunoscut această cheie de licență (%1). Comparați-o cu cheile dumneavoastră din My Account > Licenses (%2)."
"You can find your keys in %1 on rentalbookingsoftware.com. Saving activates the key on this store; your Sales Igniter updates are downloaded with the same key.","Cheile dumneavoastră se găsesc în %1 pe rentalbookingsoftware.com. La salvare, cheia se activează în acest magazin; actualizările Sales Igniter se descarcă folosind aceeași cheie."
"No license key","Nicio cheie de licență"
"Enter your license key above and save. You can find your keys in %1 on rentalbookingsoftware.com. Updates for Sales Igniter extensions are downloaded with this key.","Introduceți mai sus cheia de licență și salvați. Cheile dumneavoastră se găsesc în %1 pe rentalbookingsoftware.com. Actualizările extensiilor Sales Igniter se descarcă folosind această cheie."
"Active on %1 of %2 sites","Activă pe %1 din %2 site-uri"
"Active on %1 sites (unlimited)","Activă pe %1 site-uri (nelimitat)"
"Active","Activ"
"Lifetime license","Licență pe viață"
"Expires soon","Expiră în curând"
"Expires %1 (%2)","Expiră la %1 (%2)"
"Renew early","Reînnoiți din timp"
"Expired","Expirată"
"Expired on %1. Updates and support stop until it is renewed.","A expirat la %1. Actualizările și asistența se opresc până la reînnoire."
"Renew license","Reînnoiește licența"
"Not active on this store","Nu este activă în acest magazin"
"Re-enter the key and save to activate it here.","Reintroduceți cheia și salvați pentru a o activa aici."
"No activations left","Nu mai există activări disponibile"
"This license is already active on as many sites as it allows. Deactivate an old site from your account on rentalbookingsoftware.com, then save the key again.","Această licență este deja activă pe numărul maxim de site-uri permis. Dezactivați un site vechi din contul dvs. de pe rentalbookingsoftware.com, apoi salvați din nou cheia."
"Disabled","Dezactivat"
"This license has been disabled. Contact Sales Igniter support.","Această licență a fost dezactivată. Contactați asistența Sales Igniter."
"Not a Magento license","Nu este o licență Magento"
"That key is valid, but for a different Sales Igniter product. Use the key for your Magento extension from %1.","Această cheie este validă, dar pentru un alt produs Sales Igniter. Folosiți cheia pentru extensia Magento din %1."
"Not checked","Neverificată"
"rentalbookingsoftware.com could not be reached. The key is saved; try ""Check now"" in a moment.","rentalbookingsoftware.com nu a putut fi contactat. Cheia este salvată; încercați „Verifică acum” peste câteva momente."
"Not recognised","Nerecunoscută"
"rentalbookingsoftware.com does not recognise this key (%1). Check it against your keys in %2.","rentalbookingsoftware.com nu recunoaște această cheie (%1). Comparați-o cu cheile dumneavoastră din %2."
"Key %1","Cheia %1"
"Could not re-check at %1; showing the last answer","Nu s-a putut reverifica la %1; se afișează ultimul răspuns"
"Checked %1","Verificat %1"
"Check now","Verifică acum"
"today","astăzi"
"%1 days left","%1 zile rămase"
"There is no license to check here.","There is no license to check here."
"Enter a license key first.","Introduceți mai întâi o cheie de licență."
"rentalbookingsoftware.com could not be reached. Try again in a moment.","rentalbookingsoftware.com nu a putut fi contactat. Încercați din nou peste câteva momente."
"License checked.","Licența a fost verificată."
"The current user is not authorized to use ""%1"". It needs the ""%2"" resource, which is granted to an admin or integration token.","Utilizatorul curent nu este autorizat să folosească „%1”. Este necesară resursa „%2”, care se acordă unui token de administrator sau de integrare."
"The current user is not authorized to use ""%1"". It needs one of the ""%2"" resources, which are granted to an admin or integration token.","Utilizatorul curent nu este autorizat să folosească „%1”. Este necesară una dintre resursele „%2”, care se acordă unui token de administrator sau de integrare."
"""%1"" is required.","„%1” este obligatoriu."
"""%1"" must be a date in ""Y-m-d"" or ""Y-m-d H:i:s"" format, got ""%2"".","„%1” trebuie să fie o dată în formatul „Y-m-d” sau „Y-m-d H:i:s”, s-a primit „%2”."
"The window asked for is %1 days; at most %2 days can be returned in one query.","Intervalul solicitat are %1 zile; într-o singură interogare se pot returna cel mult %2 zile."
"pageSize value must be greater than 0.","Valoarea pageSize trebuie să fie mai mare decât 0."
"pageSize value must not be greater than %1.","Valoarea pageSize nu trebuie să fie mai mare decât %1."
"currentPage value must be greater than 0.","Valoarea currentPage trebuie să fie mai mare decât 0."
"currentPage value %1 specified is greater than the number of pages available (%2).","Valoarea currentPage %1 specificată este mai mare decât numărul de pagini disponibile (%2)."
"Cannot remove the data of %1: tables that belong to other modules still reference its tables (%2). Uninstall the modules that own those tables first, or in the same command before %1.","Datele modulului %1 nu pot fi eliminate: tabele care aparțin altor module încă fac referire la tabelele sale (%2). Dezinstalați mai întâi modulele cărora le aparțin acele tabele sau includeți-le în aceeași comandă înainte de %1."
"The end date (%1) must be on or after the start date (%2).","Data de sfârșit (%1) trebuie să fie aceeași cu data de început (%2) sau ulterioară acesteia."
"The end date (%1) must be after the start date (%2).","Data de sfârșit (%1) trebuie să fie ulterioară datei de început (%2)."
