"Daily","Ежедневно"
"Day","День"
"Month","Месяц"
"Monthly","Ежемесячно"
"Never","Никогда"
"None","Нет"
"Notified customer about invoice #%1.","Клиент уведомлён о счёте № %1."
"Product Deleted","Товар удалён"
"Week","Неделя"
"Weekly","Еженедельно"
"Year","Год"
"Yearly","Ежегодно"
"You can find your keys in %1 on rentalbookingsoftware.com.","You can find your keys in %1 on rentalbookingsoftware.com."
"My Account > Licenses","My Account > Licenses"
"Your %1 license is active on this store.","Ваша лицензия %1 активна в этом магазине."
"Sales Igniter","Sales Igniter"
"That license has expired. Renew it from the License panel to keep receiving updates.","Срок действия лицензии истёк. Продлите её на панели «Лицензия», чтобы продолжать получать обновления."
"The license key was saved, but rentalbookingsoftware.com could not be reached to activate it. Use ""Check now"" in the License panel to try again.","Лицензионный ключ сохранён, но связаться с rentalbookingsoftware.com для активации не удалось. Нажмите «Проверить сейчас» на панели «Лицензия», чтобы повторить попытку."
"That license is already active on as many sites as it allows. Deactivate it on another site from your account on rentalbookingsoftware.com, then save again.","Эта лицензия уже активна на максимально допустимом числе сайтов. Деактивируйте её на другом сайте в своей учётной записи на rentalbookingsoftware.com и сохраните снова."
"That key is valid, but not for a Sales Igniter Magento extension. Check that you copied the key for the Magento product from My Account > Licenses (%1).","Этот ключ действителен, но не для расширения Sales Igniter для Magento. Проверьте, что вы скопировали ключ продукта Magento из раздела My Account > Licenses (%1)."
"rentalbookingsoftware.com did not recognise that license key (%1). Check it against your keys in My Account > Licenses (%2).","rentalbookingsoftware.com не распознал этот лицензионный ключ (%1). Сверьте его со своими ключами в разделе My Account > Licenses (%2)."
"You can find your keys in %1 on rentalbookingsoftware.com. Saving activates the key on this store; your Sales Igniter updates are downloaded with the same key.","Ваши ключи находятся в разделе %1 на rentalbookingsoftware.com. При сохранении ключ активируется в этом магазине; обновления Sales Igniter загружаются с этим же ключом."
"No license key","Нет лицензионного ключа"
"Enter your license key above and save. You can find your keys in %1 on rentalbookingsoftware.com. Updates for Sales Igniter extensions are downloaded with this key.","Введите выше свой лицензионный ключ и сохраните. Ваши ключи находятся в разделе %1 на rentalbookingsoftware.com. Обновления расширений Sales Igniter загружаются с этим ключом."
"Active on %1 of %2 sites","Активна на %1 из %2 сайтов"
"Active on %1 sites (unlimited)","Активна на сайтах: %1 (без ограничений)"
"Active","Активно"
"Lifetime license","Бессрочная лицензия"
"Expires soon","Скоро истекает"
"Expires %1 (%2)","Истекает %1 (%2)"
"Renew early","Продлить заранее"
"Expired","Истекла"
"Expired on %1. Updates and support stop until it is renewed.","Истекла %1. Обновления и поддержка недоступны до продления."
"Renew license","Продлить лицензию"
"Not active on this store","Не активна в этом магазине"
"Re-enter the key and save to activate it here.","Введите ключ повторно и сохраните, чтобы активировать его здесь."
"No activations left","Активации закончились"
"This license is already active on as many sites as it allows. Deactivate an old site from your account on rentalbookingsoftware.com, then save the key again.","Эта лицензия уже активна на максимально допустимом числе сайтов. Деактивируйте старый сайт в своей учётной записи на rentalbookingsoftware.com и снова сохраните ключ."
"Disabled","инвалид"
"This license has been disabled. Contact Sales Igniter support.","Эта лицензия отключена. Обратитесь в поддержку Sales Igniter."
"Not a Magento license","Не лицензия для Magento"
"That key is valid, but for a different Sales Igniter product. Use the key for your Magento extension from %1.","Этот ключ действителен, но для другого продукта Sales Igniter. Используйте ключ для вашего расширения Magento из раздела %1."
"Not checked","Не проверено"
"rentalbookingsoftware.com could not be reached. The key is saved; try ""Check now"" in a moment.","Не удалось связаться с rentalbookingsoftware.com. Ключ сохранён; чуть позже нажмите «Проверить сейчас»."
"Not recognised","Не распознан"
"rentalbookingsoftware.com does not recognise this key (%1). Check it against your keys in %2.","rentalbookingsoftware.com не распознаёт этот ключ (%1). Сверьте его со своими ключами в разделе %2."
"Key %1","Ключ %1"
"Could not re-check at %1; showing the last answer","Не удалось перепроверить в %1; показан последний ответ"
"Checked %1","Проверено %1"
"Check now","Проверить сейчас"
"today","сегодня"
"%1 days left","Осталось дней: %1"
"There is no license to check here.","There is no license to check here."
"Enter a license key first.","Сначала введите лицензионный ключ."
"rentalbookingsoftware.com could not be reached. Try again in a moment.","Не удалось связаться с rentalbookingsoftware.com. Повторите попытку чуть позже."
"License checked.","Лицензия проверена."
"The current user is not authorized to use ""%1"". It needs the ""%2"" resource, which is granted to an admin or integration token.","У текущего пользователя нет прав на использование «%1». Требуется ресурс «%2», который предоставляется токену администратора или интеграции."
"The current user is not authorized to use ""%1"". It needs one of the ""%2"" resources, which are granted to an admin or integration token.","У текущего пользователя нет прав на использование «%1». Требуется один из ресурсов «%2», которые предоставляются токену администратора или интеграции."
"""%1"" is required.","Требуется «%1»."
"""%1"" must be a date in ""Y-m-d"" or ""Y-m-d H:i:s"" format, got ""%2"".","«%1» должно быть датой в формате ""Y-m-d"" или ""Y-m-d H:i:s"", получено «%2»."
"The window asked for is %1 days; at most %2 days can be returned in one query.","Запрошенный период — %1 дн.; за один запрос можно получить не более %2 дн."
"pageSize value must be greater than 0.","Значение pageSize должно быть больше 0."
"pageSize value must not be greater than %1.","Значение pageSize не должно превышать %1."
"currentPage value must be greater than 0.","Значение currentPage должно быть больше 0."
"currentPage value %1 specified is greater than the number of pages available (%2).","Указанное значение currentPage (%1) больше количества доступных страниц (%2)."
"Cannot remove the data of %1: tables that belong to other modules still reference its tables (%2). Uninstall the modules that own those tables first, or in the same command before %1.","Невозможно удалить данные %1: таблицы других модулей всё ещё ссылаются на его таблицы (%2). Сначала удалите модули, которым принадлежат эти таблицы, или удалите их той же командой перед %1."
"The end date (%1) must be on or after the start date (%2).","Дата окончания (%1) должна совпадать с датой начала (%2) или быть позже неё."
"The end date (%1) must be after the start date (%2).","Дата окончания (%1) должна быть позже даты начала (%2)."
