"Daily","Günlük"
"Day","Gün"
"Month","Ay"
"Monthly","Aylık"
"Never","Asla"
"None","Yok"
"Notified customer about invoice #%1.","Müşteri %1 numaralı fatura hakkında bilgilendirildi."
"Product Deleted","Ürün silindi"
"Week","Hafta"
"Weekly","Haftalık"
"Year","Yıl"
"Yearly","Yıllık"
"You can find your keys in %1 on rentalbookingsoftware.com.","You can find your keys in %1 on rentalbookingsoftware.com."
"My Account > Licenses","My Account > Licenses"
"Your %1 license is active on this store.","%1 lisansınız bu mağazada etkin."
"Sales Igniter","Sales Igniter"
"That license has expired. Renew it from the License panel to keep receiving updates.","Bu lisansın süresi doldu. Güncellemeleri almaya devam etmek için Lisans panelinden yenileyin."
"The license key was saved, but rentalbookingsoftware.com could not be reached to activate it. Use ""Check now"" in the License panel to try again.","Lisans anahtarı kaydedildi, ancak etkinleştirmek için rentalbookingsoftware.com adresine ulaşılamadı. Tekrar denemek için Lisans panelindeki ""Şimdi kontrol et"" seçeneğini kullanın."
"That license is already active on as many sites as it allows. Deactivate it on another site from your account on rentalbookingsoftware.com, then save again.","Bu lisans, izin verdiği sayıda sitede zaten etkin. rentalbookingsoftware.com üzerindeki hesabınızdan başka bir sitedeki etkinleştirmeyi kaldırın, ardından yeniden kaydedin."
"That key is valid, but not for a Sales Igniter Magento extension. Check that you copied the key for the Magento product from My Account > Licenses (%1).","Bu anahtar geçerli, ancak bir Sales Igniter Magento uzantısı için değil. Magento ürününün anahtarını My Account > Licenses (%1) bölümünden kopyaladığınızı kontrol edin."
"rentalbookingsoftware.com did not recognise that license key (%1). Check it against your keys in My Account > Licenses (%2).","rentalbookingsoftware.com bu lisans anahtarını tanımadı (%1). My Account > Licenses (%2) bölümündeki anahtarlarınızla karşılaştırın."
"You can find your keys in %1 on rentalbookingsoftware.com. Saving activates the key on this store; your Sales Igniter updates are downloaded with the same key.","Anahtarlarınızı rentalbookingsoftware.com üzerinde %1 bölümünde bulabilirsiniz. Kaydettiğinizde anahtar bu mağazada etkinleştirilir; Sales Igniter güncellemeleriniz aynı anahtarla indirilir."
"No license key","Lisans anahtarı yok"
"Enter your license key above and save. You can find your keys in %1 on rentalbookingsoftware.com. Updates for Sales Igniter extensions are downloaded with this key.","Lisans anahtarınızı yukarıya girin ve kaydedin. Anahtarlarınızı rentalbookingsoftware.com üzerinde %1 bölümünde bulabilirsiniz. Sales Igniter uzantılarının güncellemeleri bu anahtarla indirilir."
"Active on %1 of %2 sites","%2 siteden %1 tanesinde etkin"
"Active on %1 sites (unlimited)","%1 sitede etkin (sınırsız)"
"Active","Etkin"
"Lifetime license","Ömür boyu lisans"
"Expires soon","Yakında sona eriyor"
"Expires %1 (%2)","Bitiş tarihi %1 (%2)"
"Renew early","Erken yenile"
"Expired","Süresi doldu"
"Expired on %1. Updates and support stop until it is renewed.","%1 tarihinde süresi doldu. Yenilenene kadar güncellemeler ve destek durur."
"Renew license","Lisansı yenile"
"Not active on this store","Bu mağazada etkin değil"
"Re-enter the key and save to activate it here.","Burada etkinleştirmek için anahtarı yeniden girin ve kaydedin."
"No activations left","Etkinleştirme hakkı kalmadı"
"This license is already active on as many sites as it allows. Deactivate an old site from your account on rentalbookingsoftware.com, then save the key again.","Bu lisans, izin verdiği sayıda sitede zaten etkin. rentalbookingsoftware.com üzerindeki hesabınızdan eski bir sitenin etkinleştirmesini kaldırın, ardından anahtarı yeniden kaydedin."
"Disabled","Devre dışı"
"This license has been disabled. Contact Sales Igniter support.","Bu lisans devre dışı bırakıldı. Sales Igniter destek ekibiyle iletişime geçin."
"Not a Magento license","Magento lisansı değil"
"That key is valid, but for a different Sales Igniter product. Use the key for your Magento extension from %1.","Bu anahtar geçerli, ancak başka bir Sales Igniter ürünü için. Magento uzantınızın anahtarını %1 bölümünden kullanın."
"Not checked","Kontrol edilmedi"
"rentalbookingsoftware.com could not be reached. The key is saved; try ""Check now"" in a moment.","rentalbookingsoftware.com adresine ulaşılamadı. Anahtar kaydedildi; birazdan ""Şimdi kontrol et"" seçeneğini deneyin."
"Not recognised","Tanınmadı"
"rentalbookingsoftware.com does not recognise this key (%1). Check it against your keys in %2.","rentalbookingsoftware.com bu anahtarı tanımıyor (%1). %2 bölümündeki anahtarlarınızla karşılaştırın."
"Key %1","Anahtar %1"
"Could not re-check at %1; showing the last answer","%1 tarihinde yeniden kontrol edilemedi; son yanıt gösteriliyor"
"Checked %1","Kontrol edildi: %1"
"Check now","Şimdi kontrol et"
"today","bugün"
"%1 days left","%1 gün kaldı"
"There is no license to check here.","There is no license to check here."
"Enter a license key first.","Önce bir lisans anahtarı girin."
"rentalbookingsoftware.com could not be reached. Try again in a moment.","rentalbookingsoftware.com adresine ulaşılamadı. Birazdan tekrar deneyin."
"License checked.","Lisans kontrol edildi."
