"Daily","每日"
"Day","天"
"Month","月"
"Monthly","每月"
"Never","从不"
"None","无"
"Notified customer about invoice #%1.","已就发票 #%1 通知客户。"
"Product Deleted","商品已删除"
"Week","周"
"Weekly","每周"
"Year","年"
"Yearly","每年"
"You can find your keys in %1 on rentalbookingsoftware.com.","You can find your keys in %1 on rentalbookingsoftware.com."
"My Account > Licenses","My Account > Licenses"
"Your %1 license is active on this store.","您的 %1 许可证已在此商店激活。"
"Sales Igniter","Sales Igniter"
"That license has expired. Renew it from the License panel to keep receiving updates.","该许可证已过期。请在“许可证”面板中续订，以继续接收更新。"
"The license key was saved, but rentalbookingsoftware.com could not be reached to activate it. Use ""Check now"" in the License panel to try again.","许可证密钥已保存，但无法连接 rentalbookingsoftware.com 进行激活。请在“许可证”面板中使用“立即检查”重试。"
"That license is already active on as many sites as it allows. Deactivate it on another site from your account on rentalbookingsoftware.com, then save again.","该许可证已在允许的最大站点数上激活。请在 rentalbookingsoftware.com 的账户中从另一个站点停用它，然后再次保存。"
"That key is valid, but not for a Sales Igniter Magento extension. Check that you copied the key for the Magento product from My Account > Licenses (%1).","此密钥有效，但不适用于 Sales Igniter 的 Magento 扩展。请确认您是从 My Account > Licenses（%1）复制的 Magento 产品密钥。"
"rentalbookingsoftware.com did not recognise that license key (%1). Check it against your keys in My Account > Licenses (%2).","rentalbookingsoftware.com 无法识别该许可证密钥（%1）。请与 My Account > Licenses（%2）中的密钥核对。"
"You can find your keys in %1 on rentalbookingsoftware.com. Saving activates the key on this store; your Sales Igniter updates are downloaded with the same key.","您可以在 rentalbookingsoftware.com 的 %1 中找到您的密钥。保存后，密钥将在此商店激活；您的 Sales Igniter 更新使用同一密钥下载。"
"No license key","无许可证密钥"
"Enter your license key above and save. You can find your keys in %1 on rentalbookingsoftware.com. Updates for Sales Igniter extensions are downloaded with this key.","请在上方输入您的许可证密钥并保存。您可以在 rentalbookingsoftware.com 的 %1 中找到您的密钥。Sales Igniter 扩展的更新使用此密钥下载。"
"Active on %1 of %2 sites","已在 %1 个站点上激活（共 %2 个）"
"Active on %1 sites (unlimited)","已在 %1 个站点上激活（无限制）"
"Active","有效"
"Lifetime license","永久许可证"
"Expires soon","即将到期"
"Expires %1 (%2)","%1 到期（%2）"
"Renew early","提前续订"
"Expired","已过期"
"Expired on %1. Updates and support stop until it is renewed.","已于 %1 过期。续订之前将停止提供更新和支持。"
"Renew license","续订许可证"
"Not active on this store","未在此商店激活"
"Re-enter the key and save to activate it here.","重新输入密钥并保存，即可在此激活。"
"No activations left","无剩余激活次数"
"This license is already active on as many sites as it allows. Deactivate an old site from your account on rentalbookingsoftware.com, then save the key again.","此许可证已在允许的最大站点数上激活。请在 rentalbookingsoftware.com 的账户中停用一个旧站点，然后再次保存密钥。"
"Disabled","残"
"This license has been disabled. Contact Sales Igniter support.","此许可证已被停用。请联系 Sales Igniter 支持。"
"Not a Magento license","不是 Magento 许可证"
"That key is valid, but for a different Sales Igniter product. Use the key for your Magento extension from %1.","此密钥有效，但适用于其他 Sales Igniter 产品。请使用 %1 中您的 Magento 扩展的密钥。"
"Not checked","未检查"
"rentalbookingsoftware.com could not be reached. The key is saved; try ""Check now"" in a moment.","无法连接 rentalbookingsoftware.com。密钥已保存；请稍后点击“立即检查”。"
"Not recognised","无法识别"
"rentalbookingsoftware.com does not recognise this key (%1). Check it against your keys in %2.","rentalbookingsoftware.com 无法识别此密钥（%1）。请与 %2 中的密钥核对。"
"Key %1","密钥 %1"
"Could not re-check at %1; showing the last answer","%1 时无法重新检查；显示上次的结果"
"Checked %1","检查于 %1"
"Check now","立即检查"
"today","今天"
"%1 days left","剩余 %1 天"
"There is no license to check here.","There is no license to check here."
"Enter a license key first.","请先输入许可证密钥。"
"rentalbookingsoftware.com could not be reached. Try again in a moment.","无法连接 rentalbookingsoftware.com。请稍后重试。"
"License checked.","许可证已检查。"
